{"flutter":{"platforms":{"android":{"default":{"projectId":"bs-rashhuli","appId":"1:385373412650:android:62ef9a53d63f9d2c7b5253","fileOutput":"android/app/google-services.json"}},"dart":{"lib/firebase_options.dart":{"projectId":"bs-rashhuli","configurations":{"android":"1:385373412650:android:62ef9a53d63f9d2c7b5253","ios":"1:385373412650:ios:35098f50cdd2afe17b5253","macos":"1:385373412650:ios:35098f50cdd2afe17b5253","web":"1:385373412650:web:792b945ba4c4eb337b5253","windows":"1:385373412650:web:cc502e6ef69c42867b5253"}}}}}}